state,product,fiscal_year,kt
Himachal Pradesh,all,2008-09,761.38
Himachal Pradesh,all,2009-10,905.42
Himachal Pradesh,all,2010-11,979.55
Himachal Pradesh,all,2011-12,1058.88
Himachal Pradesh,all,2012-13,1266.03
Himachal Pradesh,all,2013-14,1299.4
Himachal Pradesh,all,2014-15,1246.85
Himachal Pradesh,all,2015-16,1549.26
Himachal Pradesh,all,2016-17,1707.43
Himachal Pradesh,all,2017-18,1578.08
Himachal Pradesh,all,2018-19,1558.83
Himachal Pradesh,all,2019-20,1693.51
Himachal Pradesh,all,2020-21,1527.84
Himachal Pradesh,all,2021-22,1924.07
Himachal Pradesh,all,2022-23,2129.71
Himachal Pradesh,all,2023-24,2043.3
Himachal Pradesh,all,2024-25,1940.32
Himachal Pradesh,all,2025-26,1903.97
Jammu & Kashmir,all,2008-09,982.33
Jammu & Kashmir,all,2009-10,1139.53
Jammu & Kashmir,all,2010-11,1110.08
Jammu & Kashmir,all,2011-12,1206.4
Jammu & Kashmir,all,2012-13,1232.64
Jammu & Kashmir,all,2013-14,1233.92
Jammu & Kashmir,all,2014-15,1201.31
Jammu & Kashmir,all,2015-16,1341.49
Jammu & Kashmir,all,2016-17,1258.65
Jammu & Kashmir,all,2017-18,1444.07
Jammu & Kashmir,all,2018-19,1502.72
Jammu & Kashmir,all,2019-20,1371.7
Jammu & Kashmir,all,2020-21,1300.82
Jammu & Kashmir,all,2021-22,1499.97
Jammu & Kashmir,all,2022-23,1667.87
Jammu & Kashmir,all,2023-24,1776.29
Jammu & Kashmir,all,2024-25,1789.92
Jammu & Kashmir,all,2025-26,1786.52
Ladakh,all,2019-20,128.33
Ladakh,all,2020-21,140.61
Ladakh,all,2021-22,158.88
Ladakh,all,2022-23,175.73
Ladakh,all,2023-24,206.43
Ladakh,all,2024-25,216.03
Ladakh,all,2025-26,215.97
Uttarakhand,all,2008-09,1027.39
Uttarakhand,all,2009-10,1170.18
Uttarakhand,all,2010-11,1222.12
Uttarakhand,all,2011-12,1246.59
Uttarakhand,all,2012-13,1218.67
Uttarakhand,all,2013-14,1209.63
Uttarakhand,all,2014-15,1303.22
Uttarakhand,all,2015-16,1519.44
Uttarakhand,all,2016-17,1486.22
Uttarakhand,all,2017-18,1525.6
Uttarakhand,all,2018-19,1725.49
Uttarakhand,all,2019-20,1655.7
Uttarakhand,all,2020-21,1533.61
Uttarakhand,all,2021-22,1619.12
Uttarakhand,all,2022-23,1761.38
Uttarakhand,all,2023-24,1870.16
Uttarakhand,all,2024-25,1866.91
Uttarakhand,all,2025-26,1964.64
Arunachal Pradesh,all,2008-09,110.07
Arunachal Pradesh,all,2009-10,133.95
Arunachal Pradesh,all,2010-11,135.91
Arunachal Pradesh,all,2011-12,145.0
Arunachal Pradesh,all,2012-13,158.29
Arunachal Pradesh,all,2013-14,171.11
Arunachal Pradesh,all,2014-15,177.67
Arunachal Pradesh,all,2015-16,199.74
Arunachal Pradesh,all,2016-17,224.91
Arunachal Pradesh,all,2017-18,242.37
Arunachal Pradesh,all,2018-19,248.4
Arunachal Pradesh,all,2019-20,263.32
Arunachal Pradesh,all,2020-21,275.81
Arunachal Pradesh,all,2021-22,302.13
Arunachal Pradesh,all,2022-23,345.91
Arunachal Pradesh,all,2023-24,374.68
Arunachal Pradesh,all,2024-25,398.28
Arunachal Pradesh,all,2025-26,441.57
Sikkim,all,2008-09,67.4
Sikkim,all,2009-10,82.19
Sikkim,all,2010-11,96.83
Sikkim,all,2011-12,93.92
Sikkim,all,2012-13,91.09
Sikkim,all,2013-14,95.3
Sikkim,all,2014-15,92.92
Sikkim,all,2015-16,100.2
Sikkim,all,2016-17,104.32
Sikkim,all,2017-18,117.1
Sikkim,all,2018-19,125.87
Sikkim,all,2019-20,130.09
Sikkim,all,2020-21,108.15
Sikkim,all,2021-22,129.66
Sikkim,all,2022-23,151.61
Sikkim,all,2023-24,151.38
Sikkim,all,2024-25,151.44
Sikkim,all,2025-26,158.07
All India Total,all,2008-09,133598.75
All India Total,all,2009-10,137807.81
All India Total,all,2010-11,141040.3
All India Total,all,2011-12,148132.1
All India Total,all,2012-13,157056.7
All India Total,all,2013-14,158407.3
All India Total,all,2014-15,165519.9
All India Total,all,2015-16,184674.1
All India Total,all,2016-17,194597.2
All India Total,all,2017-18,206166.17
All India Total,all,2018-19,213216.2
All India Total,all,2019-20,214126.63
All India Total,all,2020-21,194295.32
All India Total,all,2021-22,201696.66
All India Total,all,2022-23,223021.83
All India Total,all,2023-24,234258.7
All India Total,all,2024-25,239221.48
All India Total,all,2025-26,241612.53
Himachal Pradesh,petrol,2008-09,77.02
Himachal Pradesh,petrol,2009-10,91.89
Himachal Pradesh,petrol,2010-11,104.59
Himachal Pradesh,petrol,2011-12,111.0
Himachal Pradesh,petrol,2012-13,114.45
Himachal Pradesh,petrol,2013-14,124.0
Himachal Pradesh,petrol,2014-15,137.41
Himachal Pradesh,petrol,2015-16,162.93
Himachal Pradesh,petrol,2016-17,183.07
Himachal Pradesh,petrol,2017-18,207.89
Himachal Pradesh,petrol,2018-19,224.63
Himachal Pradesh,petrol,2019-20,238.03
Himachal Pradesh,petrol,2020-21,233.09
Himachal Pradesh,petrol,2021-22,272.26
Himachal Pradesh,petrol,2022-23,306.44
Himachal Pradesh,petrol,2023-24,320.82
Himachal Pradesh,petrol,2024-25,356.86
Himachal Pradesh,petrol,2025-26,380.24
Jammu & Kashmir,petrol,2008-09,102.47
Jammu & Kashmir,petrol,2009-10,119.45
Jammu & Kashmir,petrol,2010-11,125.09
Jammu & Kashmir,petrol,2011-12,135.94
Jammu & Kashmir,petrol,2012-13,145.25
Jammu & Kashmir,petrol,2013-14,157.25
Jammu & Kashmir,petrol,2014-15,170.77
Jammu & Kashmir,petrol,2015-16,199.61
Jammu & Kashmir,petrol,2016-17,209.65
Jammu & Kashmir,petrol,2017-18,249.25
Jammu & Kashmir,petrol,2018-19,274.7
Jammu & Kashmir,petrol,2019-20,300.39
Jammu & Kashmir,petrol,2020-21,273.11
Jammu & Kashmir,petrol,2021-22,316.34
Jammu & Kashmir,petrol,2022-23,354.73
Jammu & Kashmir,petrol,2023-24,380.24
Jammu & Kashmir,petrol,2024-25,412.93
Jammu & Kashmir,petrol,2025-26,431.84
Ladakh,petrol,2019-20,3.59
Ladakh,petrol,2020-21,12.46
Ladakh,petrol,2021-22,16.79
Ladakh,petrol,2022-23,20.34
Ladakh,petrol,2023-24,21.71
Ladakh,petrol,2024-25,22.36
Ladakh,petrol,2025-26,23.66
Uttarakhand,petrol,2008-09,120.48
Uttarakhand,petrol,2009-10,142.33
Uttarakhand,petrol,2010-11,156.04
Uttarakhand,petrol,2011-12,165.28
Uttarakhand,petrol,2012-13,175.99
Uttarakhand,petrol,2013-14,190.76
Uttarakhand,petrol,2014-15,215.89
Uttarakhand,petrol,2015-16,252.86
Uttarakhand,petrol,2016-17,263.78
Uttarakhand,petrol,2017-18,286.89
Uttarakhand,petrol,2018-19,309.24
Uttarakhand,petrol,2019-20,326.28
Uttarakhand,petrol,2020-21,293.01
Uttarakhand,petrol,2021-22,338.44
Uttarakhand,petrol,2022-23,410.2
Uttarakhand,petrol,2023-24,438.66
Uttarakhand,petrol,2024-25,488.61
Uttarakhand,petrol,2025-26,526.63
Arunachal Pradesh,petrol,2008-09,14.76
Arunachal Pradesh,petrol,2009-10,18.67
Arunachal Pradesh,petrol,2010-11,19.01
Arunachal Pradesh,petrol,2011-12,21.33
Arunachal Pradesh,petrol,2012-13,22.73
Arunachal Pradesh,petrol,2013-14,26.79
Arunachal Pradesh,petrol,2014-15,27.91
Arunachal Pradesh,petrol,2015-16,31.42
Arunachal Pradesh,petrol,2016-17,35.41
Arunachal Pradesh,petrol,2017-18,39.88
Arunachal Pradesh,petrol,2018-19,46.15
Arunachal Pradesh,petrol,2019-20,51.77
Arunachal Pradesh,petrol,2020-21,50.59
Arunachal Pradesh,petrol,2021-22,55.41
Arunachal Pradesh,petrol,2022-23,66.7
Arunachal Pradesh,petrol,2023-24,77.99
Arunachal Pradesh,petrol,2024-25,89.66
Arunachal Pradesh,petrol,2025-26,101.07
Sikkim,petrol,2008-09,8.38
Sikkim,petrol,2009-10,9.89
Sikkim,petrol,2010-11,11.3
Sikkim,petrol,2011-12,11.72
Sikkim,petrol,2012-13,12.36
Sikkim,petrol,2013-14,13.22
Sikkim,petrol,2014-15,14.66
Sikkim,petrol,2015-16,16.07
Sikkim,petrol,2016-17,16.53
Sikkim,petrol,2017-18,17.53
Sikkim,petrol,2018-19,19.7
Sikkim,petrol,2019-20,21.11
Sikkim,petrol,2020-21,15.76
Sikkim,petrol,2021-22,19.44
Sikkim,petrol,2022-23,26.46
Sikkim,petrol,2023-24,28.89
Sikkim,petrol,2024-25,30.5
Sikkim,petrol,2025-26,31.45
All India Total,petrol,2008-09,11257.77
All India Total,petrol,2009-10,12818.29
All India Total,petrol,2010-11,14194.42
All India Total,petrol,2011-12,14992.41
All India Total,petrol,2012-13,15743.9
All India Total,petrol,2013-14,17128.26
All India Total,petrol,2014-15,19075.4
All India Total,petrol,2015-16,21846.5
All India Total,petrol,2016-17,23764.93
All India Total,petrol,2017-18,26174.48
All India Total,petrol,2018-19,28284.41
All India Total,petrol,2019-20,29975.49
All India Total,petrol,2020-21,27968.99
All India Total,petrol,2021-22,30848.96
All India Total,petrol,2022-23,34976.36
All India Total,petrol,2023-24,37219.36
All India Total,petrol,2024-25,40004.54
All India Total,petrol,2025-26,42586.19
Himachal Pradesh,diesel,2008-09,372.46
Himachal Pradesh,diesel,2009-10,405.85
Himachal Pradesh,diesel,2010-11,441.31
Himachal Pradesh,diesel,2011-12,478.53
Himachal Pradesh,diesel,2012-13,532.8
Himachal Pradesh,diesel,2013-14,512.24
Himachal Pradesh,diesel,2014-15,520.83
Himachal Pradesh,diesel,2015-16,575.66
Himachal Pradesh,diesel,2016-17,586.11
Himachal Pradesh,diesel,2017-18,616.24
Himachal Pradesh,diesel,2018-19,646.25
Himachal Pradesh,diesel,2019-20,667.61
Himachal Pradesh,diesel,2020-21,609.81
Himachal Pradesh,diesel,2021-22,776.63
Himachal Pradesh,diesel,2022-23,1002.79
Himachal Pradesh,diesel,2023-24,795.18
Himachal Pradesh,diesel,2024-25,786.97
Himachal Pradesh,diesel,2025-26,778.39
Jammu & Kashmir,diesel,2008-09,422.84
Jammu & Kashmir,diesel,2009-10,487.34
Jammu & Kashmir,diesel,2010-11,487.97
Jammu & Kashmir,diesel,2011-12,550.95
Jammu & Kashmir,diesel,2012-13,588.89
Jammu & Kashmir,diesel,2013-14,589.0
Jammu & Kashmir,diesel,2014-15,563.03
Jammu & Kashmir,diesel,2015-16,635.41
Jammu & Kashmir,diesel,2016-17,585.23
Jammu & Kashmir,diesel,2017-18,684.53
Jammu & Kashmir,diesel,2018-19,697.0
Jammu & Kashmir,diesel,2019-20,675.52
Jammu & Kashmir,diesel,2020-21,576.01
Jammu & Kashmir,diesel,2021-22,698.51
Jammu & Kashmir,diesel,2022-23,821.69
Jammu & Kashmir,diesel,2023-24,916.17
Jammu & Kashmir,diesel,2024-25,941.55
Jammu & Kashmir,diesel,2025-26,885.43
Ladakh,diesel,2019-20,4.96
Ladakh,diesel,2020-21,56.11
Ladakh,diesel,2021-22,67.7
Ladakh,diesel,2022-23,80.25
Ladakh,diesel,2023-24,97.28
Ladakh,diesel,2024-25,103.36
Ladakh,diesel,2025-26,102.31
Uttarakhand,diesel,2008-09,454.93
Uttarakhand,diesel,2009-10,527.78
Uttarakhand,diesel,2010-11,550.78
Uttarakhand,diesel,2011-12,578.24
Uttarakhand,diesel,2012-13,674.89
Uttarakhand,diesel,2013-14,635.48
Uttarakhand,diesel,2014-15,660.46
Uttarakhand,diesel,2015-16,746.73
Uttarakhand,diesel,2016-17,721.8
Uttarakhand,diesel,2017-18,713.07
Uttarakhand,diesel,2018-19,762.24
Uttarakhand,diesel,2019-20,744.01
Uttarakhand,diesel,2020-21,657.16
Uttarakhand,diesel,2021-22,699.65
Uttarakhand,diesel,2022-23,779.65
Uttarakhand,diesel,2023-24,815.29
Uttarakhand,diesel,2024-25,821.75
Uttarakhand,diesel,2025-26,829.86
Arunachal Pradesh,diesel,2008-09,57.87
Arunachal Pradesh,diesel,2009-10,73.44
Arunachal Pradesh,diesel,2010-11,79.58
Arunachal Pradesh,diesel,2011-12,87.17
Arunachal Pradesh,diesel,2012-13,91.62
Arunachal Pradesh,diesel,2013-14,104.9
Arunachal Pradesh,diesel,2014-15,108.96
Arunachal Pradesh,diesel,2015-16,118.49
Arunachal Pradesh,diesel,2016-17,132.39
Arunachal Pradesh,diesel,2017-18,146.44
Arunachal Pradesh,diesel,2018-19,150.11
Arunachal Pradesh,diesel,2019-20,161.49
Arunachal Pradesh,diesel,2020-21,174.87
Arunachal Pradesh,diesel,2021-22,192.46
Arunachal Pradesh,diesel,2022-23,227.01
Arunachal Pradesh,diesel,2023-24,244.53
Arunachal Pradesh,diesel,2024-25,253.05
Arunachal Pradesh,diesel,2025-26,281.63
Sikkim,diesel,2008-09,33.77
Sikkim,diesel,2009-10,46.69
Sikkim,diesel,2010-11,58.57
Sikkim,diesel,2011-12,56.03
Sikkim,diesel,2012-13,52.69
Sikkim,diesel,2013-14,56.68
Sikkim,diesel,2014-15,53.61
Sikkim,diesel,2015-16,57.51
Sikkim,diesel,2016-17,60.73
Sikkim,diesel,2017-18,69.05
Sikkim,diesel,2018-19,77.71
Sikkim,diesel,2019-20,77.96
Sikkim,diesel,2020-21,60.35
Sikkim,diesel,2021-22,73.57
Sikkim,diesel,2022-23,90.75
Sikkim,diesel,2023-24,89.88
Sikkim,diesel,2024-25,86.89
Sikkim,diesel,2025-26,90.47
All India Total,diesel,2008-09,51710.36
All India Total,diesel,2009-10,56242.37
All India Total,diesel,2010-11,60071.1
All India Total,diesel,2011-12,64750.0
All India Total,diesel,2012-13,69079.9
All India Total,diesel,2013-14,68363.9
All India Total,diesel,2014-15,69416.2
All India Total,diesel,2015-16,74647.0
All India Total,diesel,2016-17,76026.8
All India Total,diesel,2017-18,81073.44
All India Total,diesel,2018-19,83528.2
All India Total,diesel,2019-20,82602.01
All India Total,diesel,2020-21,72712.73
All India Total,diesel,2021-22,76658.72
All India Total,diesel,2022-23,85900.45
All India Total,diesel,2023-24,89626.17
All India Total,diesel,2024-25,91408.5
All India Total,diesel,2025-26,94707.57
